barcode;tag
5400208005190;en:organic-eggs
5701607583013;en:organic-eggs
8033576311098;en:organic-eggs
8033622750932;en:organic-eggs
8420415012689;en:organic-eggs
3760086620000;en:organic-eggs
2025466240072;en:organic-eggs
9050482136705;en:organic-eggs
3479436382009;en:organic-eggs
3578402323258;en:organic-eggs
3250393378515;en:organic-eggs
3448601000000;en:organic-eggs
3700468700791;en:organic-eggs
3770003156024;en:organic-eggs
3251320931308;en:free-range-chicken-eggs
3273051320138;en:free-range-chicken-eggs
3760214340091;en:free-range-chicken-eggs
3368170010128;en:free-range-chicken-eggs
3683080275659;en:free-range-chicken-eggs
3511050151132;en:free-range-chicken-eggs
3700716412223;en:free-range-chicken-eggs
3760053320001;en:free-range-chicken-eggs
3251320795023;en:free-range-chicken-eggs
3770009531016;en:free-range-chicken-eggs
3282070099284;en:free-range-chicken-eggs
3760073540953;en:free-range-chicken-eggs
3256228972729;en:free-range-chicken-eggs
00257961;en:free-range-chicken-eggs
2000000902951;en:free-range-chicken-eggs
3262581523317;en:free-range-chicken-eggs
3273050520133;en:free-range-chicken-eggs
3332930010260;en:free-range-chicken-eggs
3332930010277;en:free-range-chicken-eggs
3336420200001;en:free-range-chicken-eggs
3348680000055;en:free-range-chicken-eggs
3410600012605;en:free-range-chicken-eggs
3414280038122;en:free-range-chicken-eggs
3423637075062;en:free-range-chicken-eggs
3429640000572;en:free-range-chicken-eggs
3479431310007;en:free-range-chicken-eggs
3479437242005;en:free-range-chicken-eggs
3503018858122;en:free-range-chicken-eggs
3760010220276;en:free-range-chicken-eggs
3760040340043;en:free-range-chicken-eggs
3760043550043;en:free-range-chicken-eggs
3760058480120;en:free-range-chicken-eggs
3760092320024;en:free-range-chicken-eggs
3760148080025;en:free-range-chicken-eggs
3760150111489;en:free-range-chicken-eggs
3760150760175;en:free-range-chicken-eggs
3770001170015;en:free-range-chicken-eggs
9342230600126;en:free-range-chicken-eggs
3760063390117;en:free-range-chicken-eggs
3282070072577;en:free-range-chicken-eggs
3770004464166;en:free-range-chicken-eggs
3337960000120;en:free-range-chicken-eggs
3273050720175;en:free-range-chicken-eggs
3770005410094;en:free-range-chicken-eggs
3760035420002;en:free-range-chicken-eggs
3283324001411;en:free-range-chicken-eggs
3265546120101;en:free-range-chicken-eggs
3479439320008;en:free-range-chicken-eggs
3448605363125;en:free-range-chicken-eggs
3700560300059;en:free-range-chicken-eggs
3760214340084;en:free-range-chicken-eggs
3479433370009;en:free-range-chicken-eggs
3760104690015;en:free-range-chicken-eggs
3527451260656;en:free-range-chicken-eggs
3770008384002;en:free-range-chicken-eggs
3273020000016;en:free-range-chicken-eggs
3479438310000;en:free-range-chicken-eggs
3760114130143;en:free-range-chicken-eggs
3430421253636;en:free-range-chicken-eggs
3348680000024;en:free-range-chicken-eggs
3760161120012;en:free-range-chicken-eggs
3368170032137;en:free-range-chicken-eggs
3265546450116;en:free-range-chicken-eggs
3527452053639;en:free-range-chicken-eggs
8710946477416;en:free-range-chicken-eggs
5400208005350;en:free-range-chicken-eggs
3439496001753;en:free-range-chicken-eggs
3760083000607;en:free-range-chicken-eggs
3545870105969;en:free-range-chicken-eggs
3273050920193;en:free-range-chicken-eggs
3332930010093;en:free-range-chicken-eggs
3475579911113;en:free-range-chicken-eggs
3701002403239;en:free-range-chicken-eggs
3701002403277;en:free-range-chicken-eggs
3770000468137;en:free-range-chicken-eggs
3770005410018;en:free-range-chicken-eggs
3323870506012;en:free-range-chicken-eggs
3275095000632;en:free-range-chicken-eggs
3479432421313;en:free-range-chicken-eggs
3700560300042;en:free-range-chicken-eggs
3700864001157;en:free-range-chicken-eggs
3175153525001;en:free-range-chicken-eggs
3483500003110;en:free-range-chicken-eggs
3770000731002;en:free-range-chicken-eggs
3300757375060;en:free-range-chicken-eggs
3760133731215;en:free-range-chicken-eggs
3430420007001;en:free-range-chicken-eggs
3350033708556;en:free-range-chicken-eggs
3701002403789;en:free-range-chicken-eggs
3770014233028;en:free-range-chicken-eggs
3760278230185;en:free-range-chicken-eggs
3760148080032;en:free-range-chicken-eggs
3770008192126;en:free-range-chicken-eggs
3321460106024;en:free-range-chicken-eggs
3323870506746;en:free-range-chicken-eggs
3760092320031;en:free-range-chicken-eggs
3701002404090;en:free-range-chicken-eggs
3282070090274;en:free-range-chicken-eggs
3448606373062;en:free-range-chicken-eggs
3479433300211;en:free-range-chicken-eggs
3770016222006;en:free-range-chicken-eggs
3341400003022;en:free-range-chicken-eggs
3537150353122;en:free-range-chicken-eggs
3283324001541;en:free-range-chicken-eggs
3479433310005;en:free-range-chicken-eggs
3760148080056;en:free-range-chicken-eggs
3479433321001;en:free-range-chicken-eggs
3701002404083;en:free-range-chicken-eggs
3700864006121;en:free-range-chicken-eggs
1321193175757;en:free-range-chicken-eggs
3273050420204;en:free-range-chicken-eggs
3435760853127;en:free-range-chicken-eggs
3251320981924;en:free-range-chicken-eggs
3483500003226;en:free-range-chicken-eggs
3025950000723;en:free-range-chicken-eggs
3700468700524;en:free-range-chicken-eggs
3323870506340;en:free-range-chicken-eggs
3511050151156;en:free-range-chicken-eggs
3341401234616;en:free-range-chicken-eggs
3479437321007;en:free-range-chicken-eggs
3252520008159;en:free-range-chicken-eggs
3701002403673;en:free-range-chicken-eggs
3475579911250;en:free-range-chicken-eggs
3284866065060;en:free-range-chicken-eggs
3770005410193;en:free-range-chicken-eggs
3282073133176;en:free-range-chicken-eggs
3475579911205;en:free-range-chicken-eggs
3760099020019;en:free-range-chicken-eggs
3273050120203;en:free-range-chicken-eggs
3251320000363;en:free-range-chicken-eggs
3282070099468;en:free-range-chicken-eggs
3251320000318;en:free-range-chicken-eggs
03327111;en:free-range-chicken-eggs
3475579911199;en:free-range-chicken-eggs
3446896222060;en:free-range-chicken-eggs
3397292205600;en:free-range-chicken-eggs
3700864002185;en:free-range-chicken-eggs
3700864013129;en:free-range-chicken-eggs
4056489370505;en:free-range-chicken-eggs
3760224690018;en:free-range-chicken-eggs
3700468700333;en:free-range-chicken-eggs
3770019583043;en:free-range-chicken-eggs
3760148080155;en:free-range-chicken-eggs
3700864014126;en:free-range-chicken-eggs
3770016964111;en:free-range-chicken-eggs
34979754;en:free-range-chicken-eggs
3770016648011;en:free-range-chicken-eggs
3760139471825;en:free-range-chicken-eggs
3300754353153;en:free-range-chicken-eggs
3282620202904;en:free-range-chicken-eggs
3760099020002;en:free-range-chicken-eggs
3700468700470;en:free-range-chicken-eggs
3487380110999;en:free-range-chicken-eggs
3701002410640;en:free-range-chicken-eggs
3537150163066;en:free-range-chicken-eggs
3530440207044;en:free-range-chicken-eggs
3760148080223;en:free-range-chicken-eggs
9982404002044;en:free-range-chicken-eggs
3701091701278;en:free-range-chicken-eggs
01930179;en:free-range-chicken-eggs
7610200016959;en:barn-chicken-eggs
3332930010130;en:barn-chicken-eggs
3564706516564;en:barn-chicken-eggs
3564706542556;en:barn-chicken-eggs
3760038110092;en:barn-chicken-eggs
4056489970965;en:barn-chicken-eggs
3760073540632;en:barn-chicken-eggs
27027042;en:barn-chicken-eggs
3267590000248;en:barn-chicken-eggs
3273020000207;en:barn-chicken-eggs
3275092002004;en:barn-chicken-eggs
3332930010147;en:barn-chicken-eggs
3332930700062;en:barn-chicken-eggs
3332930720008;en:barn-chicken-eggs
3429640000022;en:barn-chicken-eggs
3770004464036;en:barn-chicken-eggs
3770004464104;en:barn-chicken-eggs
5400501301043;en:barn-chicken-eggs
3700864005063;en:barn-chicken-eggs
3500066060507;en:barn-chicken-eggs
20125462;en:barn-chicken-eggs
3500061120305;en:barn-chicken-eggs
5453001330013;en:barn-chicken-eggs
3267590005106;en:barn-chicken-eggs
3760213340023;en:barn-chicken-eggs
3275094000251;en:barn-chicken-eggs
3336420100066;en:barn-chicken-eggs
3273050520171;en:barn-chicken-eggs
3025950000235;en:barn-chicken-eggs
3500066200309;en:barn-chicken-eggs
3760084055897;en:barn-chicken-eggs
3361580000048;en:barn-chicken-eggs
3701002403222;en:barn-chicken-eggs
3760042140085;en:barn-chicken-eggs
3760115761124;en:barn-chicken-eggs
3275094000091;en:barn-chicken-eggs
5400501301050;en:barn-chicken-eggs
3760084055828;en:barn-chicken-eggs
26061863;en:barn-chicken-eggs
3760257200055;en:barn-chicken-eggs
3477400704772;en:barn-chicken-eggs
3396960000103;en:barn-chicken-eggs
3760011150060;en:barn-chicken-eggs
3361580000130;en:barn-chicken-eggs
3372140000330;en:barn-chicken-eggs
3300755362208;en:barn-chicken-eggs
3413310600001;en:barn-chicken-eggs
3275094000107;en:barn-chicken-eggs
3282070100003;en:barn-chicken-eggs
3760007150098;en:barn-chicken-eggs
4056489566212;en:barn-chicken-eggs
4056489566021;en:barn-chicken-eggs
4056489566090;en:barn-chicken-eggs
3430422066372;en:barn-chicken-eggs
3500066180601;en:barn-chicken-eggs
3439496003498;en:barn-chicken-eggs
65895535;en:barn-chicken-eggs
3439496003580;en:barn-chicken-eggs
55444231;en:barn-chicken-eggs
4052917849605;en:barn-chicken-eggs
4056489970231;en:barn-chicken-eggs
3283324001633;en:barn-chicken-eggs
3275880003305;en:cage-chicken-eggs
3276570018128;en:cage-chicken-eggs
3282073212017;en:cage-chicken-eggs
3396960000127;en:cage-chicken-eggs
8412803003225;en:cage-chicken-eggs
3258565420772;en:cage-chicken-eggs
3273024560004;en:cage-chicken-eggs
3282070012436;en:cage-chicken-eggs
3282071329021;en:cage-chicken-eggs
3304790120090;en:cage-chicken-eggs
3323870206011;en:cage-chicken-eggs
3332930001046;en:cage-chicken-eggs
3332930300064;en:cage-chicken-eggs
3332930930001;en:cage-chicken-eggs
3336862111422;en:cage-chicken-eggs
3367200516029;en:cage-chicken-eggs
3372140000064;en:cage-chicken-eggs
3372140000224;en:cage-chicken-eggs
3430420665706;en:cage-chicken-eggs
3487380234565;en:cage-chicken-eggs
3537150053121;en:cage-chicken-eggs
3760010220160;en:cage-chicken-eggs
9349663000028;en:cage-chicken-eggs
3439496010052;en:cage-chicken-eggs
3760010220269;en:cage-chicken-eggs
3700462700742;en:organic-eggs
3275095000052;en:free-range-chicken-eggs
3300755362307;en:free-range-chicken-eggs
3479438320009;en:free-range-chicken-eggs
3275092011006;en:barn-chicken-eggs
3760007150036;en:barn-chicken-eggs
3304790806079;en:barn-chicken-eggs
3282070100034;en:barn-chicken-eggs
3300754452306;en:barn-chicken-eggs
3300754352309;en:barn-chicken-eggs
3760274730146;en:barn-chicken-eggs
3,45097E+12;en:barn-chicken-eggs
3017600120196;en:barn-chicken-eggs
3282070100058;en:barn-chicken-eggs
0610079229235;en:barn-chicken-eggs
3760189760016;en:cage-chicken-eggs
3263859422011;en:cage-chicken-eggs
3445351200506;en:cage-chicken-eggs
3448600665705;en:cage-chicken-eggs
3503010268066;en:cage-chicken-eggs
3700002703189;en:cage-chicken-eggs
3700864001041;en:cage-chicken-eggs
3700864008064;en:cage-chicken-eggs
3760063390018;en:cage-chicken-eggs
3760073541042;en:cage-chicken-eggs
3760084050113;en:cage-chicken-eggs
3770000845129;en:cage-chicken-eggs
3537150163103;en:cage-chicken-eggs
3460919111704;en:cage-chicken-eggs
3372140000347;en:cage-chicken-eggs
8411384005079;en:cage-chicken-eggs
3297796763739;en:cage-chicken-eggs
3297795460653;en:cage-chicken-eggs
3348680000406;en:cage-chicken-eggs
3297791065708;en:cage-chicken-eggs
3297792300006;en:cage-chicken-eggs
3298624201003;en:cage-chicken-eggs
3274480665708;en:cage-chicken-eggs
3760063390032;en:cage-chicken-eggs
3274480000127;en:cage-chicken-eggs
3297790155608;en:cage-chicken-eggs
3297790200735;en:cage-chicken-eggs
3411991520007;en:cage-chicken-eggs
3274481255601;en:cage-chicken-eggs
3760283850675;en:cage-chicken-eggs
3760283850651;en:cage-chicken-eggs
3760283850644;en:cage-chicken-eggs
3274480000202;en:cage-chicken-eggs
3274482000004;en:cage-chicken-eggs
3273050220187;en:cage-chicken-eggs
3332930300125;en:cage-chicken-eggs
3348680000345;en:cage-chicken-eggs
3479434367527;en:cage-chicken-eggs
3521570820029;en:cage-chicken-eggs
3760010220016;en:cage-chicken-eggs
3760063390100;en:cage-chicken-eggs
3760150111274;en:cage-chicken-eggs
3760150111328;en:cage-chicken-eggs
3760189760009;en:cage-chicken-eggs
3770000845020;en:cage-chicken-eggs
8437014811032;en:cage-chicken-eggs
3545870104726;en:cage-chicken-eggs
3760084055491;en:cage-chicken-eggs
3760073543039;en:cage-chicken-eggs
3282072681012;en:cage-chicken-eggs
3760114130167;en:cage-chicken-eggs
3275880633120;en:cage-chicken-eggs
3760150110079;en:cage-chicken-eggs
3282070012528;en:cage-chicken-eggs
3503010058100;en:cage-chicken-eggs
3760023780637;en:cage-chicken-eggs
3285532684301;en:cage-chicken-eggs
3017600320183;en:cage-chicken-eggs
3760274730016;en:cage-chicken-eggs
3287252001123;en:cage-chicken-eggs
3413310230000;en:cage-chicken-eggs
3372140000323;en:cage-chicken-eggs
3273026570063;en:cage-chicken-eggs
3275880633106;en:cage-chicken-eggs
3321460006010;en:cage-chicken-eggs
3760023781238;en:cage-chicken-eggs
3251320011215;en:cage-chicken-eggs
3430422070751;en:cage-chicken-eggs
3300756372060;en:cage-chicken-eggs
3500063200005;en:cage-chicken-eggs
3413310101003;en:cage-chicken-eggs
3760274730023;en:cage-chicken-eggs
3368170031239;en:cage-chicken-eggs
3414280300205;en:cage-chicken-eggs
3289970012498;en:cage-chicken-eggs
3760010220061;en:cage-chicken-eggs
8411887044162;en:cage-chicken-eggs
8433329010511;en:cage-chicken-eggs
3349584000011;en:cage-chicken-eggs
3340710057206;en:cage-chicken-eggs
3414283301537;en:cage-chicken-eggs
3700002712129;en:cage-chicken-eggs
3282070098270;en:cage-chicken-eggs
3760037110024;en:cage-chicken-eggs
3282070098379;en:cage-chicken-eggs
8437000839705;en:cage-chicken-eggs
3300757374063;en:cage-chicken-eggs
3760073540335;en:cage-chicken-eggs
3340710067120;en:cage-chicken-eggs
3528800400105;en:cage-chicken-eggs
3429640000138;en:cage-chicken-eggs
3439496010069;en:cage-chicken-eggs
3760150110031;en:cage-chicken-eggs
3387710000108;en:cage-chicken-eggs
12820713;en:cage-chicken-eggs
3300756273206;en:cage-chicken-eggs
3276570020121;en:cage-chicken-eggs
8437000839422;en:cage-chicken-eggs
3760274730092;en:cage-chicken-eggs
3500063300002;en:cage-chicken-eggs
3660802630125;en:cage-chicken-eggs
5412716000246;en:cage-chicken-eggs
3368170033035;en:cage-chicken-eggs
3760274730054;en:cage-chicken-eggs
3760210733330;en:cage-chicken-eggs
8420711430248;en:cage-chicken-eggs
3298624300010;en:cage-chicken-eggs
5400208005190;en:chicken-eggs
5701607583013;en:chicken-eggs
8033576311098;en:chicken-eggs
8033622750932;en:chicken-eggs
8420415012689;en:chicken-eggs
3760086620000;en:chicken-eggs
2025466240072;en:chicken-eggs
9050482136705;en:chicken-eggs
3479436382009;en:chicken-eggs
3578402323258;en:chicken-eggs
3250393378515;en:chicken-eggs
3448601000000;en:chicken-eggs
3700468700791;en:chicken-eggs
3770003156024;en:chicken-eggs
